Unit,#,English,O'zbekcha,Definition,Example Sentence

Unit 1,,,,,
Unit 1,1,arise,paydo bo'lmoq,to come up or begin to happen,A new problem arose during the team meeting.
Unit 1,2,benefactor,"homiy, xayriya qiluvchi",a person who gives financial or other help,The school's benefactor donated a new library.
Unit 1,3,blacksmith,temirchi,a person who makes things from iron,The blacksmith made horseshoes in his small workshop.
Unit 1,4,charitable,"saxiy, xayrli",generous in giving help to those in need,She was always charitable to the poor families nearby.
Unit 1,5,chimney,"mo'ri, truba",a pipe that carries smoke out of a building,Smoke rose slowly from the old cottage chimney.
Unit 1,6,compensate,"qoplash, tovon bermoq",to give something to make up for a loss,The company compensated him for the damaged goods.
Unit 1,7,encounter,"duch kelmoq, uchrashuv",to meet someone or something unexpectedly,We encountered a wild bear while hiking in the forest.
Unit 1,8,exceed,oshib ketmoq,to go beyond a limit or expectation,Her test score exceeded everyone's expectations by far.
Unit 1,9,forge,temirni ishlamoq; soxta qilmoq,to make metal by heating and shaping it,The blacksmith forged a sword from raw iron.
Unit 1,10,humble,"kamtar, oddiy",not proud; having a modest opinion of oneself,"Despite his success, he remained humble and kind."
Unit 1,11,iron,temir; dazmollamoq,a hard metal; also to press clothes with heat,Please iron your shirt before the job interview.
Unit 1,12,ladder,narvon,a structure with steps used for climbing,He climbed the ladder to fix the roof carefully.
Unit 1,13,modest,"kamtarona, oddiy",not boasting about one's abilities or achievements,She was modest about winning the national competition.
Unit 1,14,occupy,"egallash, band qilmoq",to take up space or time; to live in a place,The students occupied the reading room all evening.
Unit 1,15,penny,"tiyin, sent",a small coin; a very small amount of money,He didn't have a penny left after buying groceries.
Unit 1,16,preach,"va'z bermoq, targ'ib qilmoq",to give a religious talk or promote an idea,The priest preached about forgiveness every Sunday morning.
Unit 1,17,prosper,"rivojlanmoq, gullab-yashnash","to be successful, especially in money matters",The small business began to prosper after one year.
Unit 1,18,province,"viloyat, o'lka",an area or region that is part of a country,She moved from a small province to the capital city.
Unit 1,19,satisfaction,"qoniqish, mamnuniyat",the feeling of being pleased with what you have done,He finished the project with great satisfaction.
Unit 1,20,sustain,"davom ettirmoq, saqlamoq",to keep something going over a long period,It is hard to sustain energy throughout a long workday.

Unit 2,,,,,
Unit 2,1,acquire,"egallash, orttirmoq",to get or gain something through effort or purchase,She acquired new skills by taking online courses.
Unit 2,2,awkward,"noqulay, g'alati",not comfortable or graceful in movement or situation,It was awkward to meet his ex-girlfriend at the party.
Unit 2,3,caretaker,"qo'riqchi, parvarish qiluvchi",a person who looks after a building or another person,The caretaker cleaned the school every morning carefully.
Unit 2,4,deceive,"aldamoq, chalg'itmoq",to make someone believe something that is not true,He deceived his friends by hiding the real story.
Unit 2,5,discourage,ruhdan tushirmoq,to make someone feel less confident or willing,Don't discourage her; she is working very hard.
Unit 2,6,fake,"soxta, qalbakilashtirmoq",not real or genuine; to pretend something is true,The painting turned out to be a fake after all.
Unit 2,7,hatred,"nafrat, adovat",a very strong feeling of disliking someone,Hatred between the two groups lasted for many years.
Unit 2,8,hut,"kulba, to'qayxona",a small and simple shelter or house,The shepherd lived in a tiny hut on the hillside.
Unit 2,9,inferior,"past darajali, yomon","lower in quality, rank, or importance than another",This product is clearly inferior to the original model.
Unit 2,10,lodge,yotoqxona; joylashmoq,a small house; to stay somewhere temporarily,They lodged at a small inn near the mountain trail.
Unit 2,11,neglect,"e'tiborsizlik, qarovsiz qoldirish",to fail to care for or pay attention to something,He neglected his studies and failed the final exam.
Unit 2,12,newcomer,yangi kelgan odam,a person who has recently arrived in a place,The newcomer quickly made friends at the new school.
Unit 2,13,offense,hujum; xafa qilish,an act that breaks a rule or upsets someone,Taking food without asking is considered an offense here.
Unit 2,14,overlook,"e'tibor bermaslik, ko'z yummoq",to fail to notice or choose to ignore something,The manager overlooked several important mistakes in the report.
Unit 2,15,repay,"qaytarib bermoq, to'lamoq",to pay back money or return a favor to someone,She repaid the loan within six months without problems.
Unit 2,16,ridiculous,"kulgili, bema'ni",deserving to be laughed at; very silly or unreasonable,It was ridiculous to wait three hours for a sandwich.
Unit 2,17,satisfactory,"qoniqarli, yetarli",good enough to meet a requirement or standard,His work performance was satisfactory but not exceptional.
Unit 2,18,shepherd,cho'pon,a person who looks after a flock of sheep,The shepherd led his sheep across the green valley.
Unit 2,19,venture,xavfli harakat; kelajakka qadam,a risky or daring journey or business activity,Starting a new business is always a brave venture.
Unit 2,20,wheat,bug'doy,a grain crop used to make bread and flour,Farmers harvested wheat from the golden fields in autumn.

Unit 3,,,,,
Unit 3,1,alley,"tor ko'cha, yo'lak",a narrow passage between or behind buildings,The cat disappeared into a dark alley at night.
Unit 3,2,ax,bolta,a tool with a sharp blade used for chopping wood,He used an ax to chop the firewood into pieces.
Unit 3,3,bunch,"to'p, dasta",a group of things or people gathered together,She brought a beautiful bunch of flowers to the hospital.
Unit 3,4,chore,"uy ishi, majburiy vazifa",a routine task or household duty to be done,Washing dishes is my least favorite daily chore.
Unit 3,5,decent,"munosib, yaxshi",of an acceptable quality or standard; respectable,He earns a decent salary at his new job downtown.
Unit 3,6,disgrace,"sharmandachilik, uyat",a loss of respect caused by bad behavior,Cheating on the exam was a disgrace to the school.
Unit 3,7,elbow,tirsak,the joint that bends the middle of the arm,She bumped her elbow against the sharp table corner.
Unit 3,8,grateful,"minnatdor, shukrli",feeling thankful for what someone has done for you,I am grateful for your help during those difficult times.
Unit 3,9,irritate,"bezovta qilmoq, asabiylashtirmoq",to make someone feel slightly angry or annoyed,Loud music in the library really irritates me sometimes.
Unit 3,10,kid,bola; hazil qilmoq,a child; also to joke with someone playfully,He was just kidding when he said he forgot your birthday.
Unit 3,11,loose,"bo'sh, erkin; yechilgan",not firmly fixed or tight; free from restraint,The screw was loose and the shelf fell down suddenly.
Unit 3,12,offend,"xafa qilmoq, ranjitmoq",to make someone feel upset or disrespected,He didn't mean to offend her with that comment.
Unit 3,13,overnight,tunda; bir kechada,during the night; happening very quickly or suddenly,The weather changed overnight and snow covered everything.
Unit 3,14,persist,"qat'iy turib olmoq, davom ettirmoq",to continue doing something despite difficulty or opposition,She persisted with her studies even when times were tough.
Unit 3,15,pine,qarag'ay; sog'inmoq,an evergreen tree; to feel sad longing for something,He pined for home during his first year abroad.
Unit 3,16,scar,chandiq; iz qoldirmoq,a mark left on skin after a wound heals,The surgery left a small scar on her left arm.
Unit 3,17,sensation,"his-tuyg'u, sezgi",a feeling caused by something affecting the body or mind,She felt a tingling sensation in her fingers after exercise.
Unit 3,18,sled,"chang'i arava, sirpanish aravacha",a vehicle on runners used for sliding over snow,The children rode their sled down the snowy hill happily.
Unit 3,19,tease,"masxara qilmoq, qiynash",to make fun of someone in a playful or unkind way,His classmates used to tease him about his curly hair.
Unit 3,20,valentine,sevgi xati; sevgilim,a card or gift given on Valentine's Day to a loved one,He gave her a rose as a valentine on February 14th.

Unit 4,,,,,
Unit 4,1,bloom,"gullamoq, ochilmoq",to produce flowers; to grow and develop well,The roses bloom every spring in our grandmother's garden.
Unit 4,2,compact,"ixcham, kichik; zich",small and neat; to press something together tightly,She bought a compact camera that fits in her pocket.
Unit 4,3,curl,"buralmoq, jingalak",to form a curved or spiral shape; a coil of hair,Her hair curls naturally when it gets wet in rain.
Unit 4,4,decay,"chirish, parchalanish",to rot or break down slowly over time,Old food decays quickly if left outside the refrigerator.
Unit 4,5,dessert,"shirinlik, desert",a sweet food eaten at the end of a meal,She ordered chocolate cake as her dessert after dinner.
Unit 4,6,dip,"botirmoq, sho'tirmoq",to put something briefly into a liquid then remove it,He dipped the bread into the warm tomato soup.
Unit 4,7,distant,"uzoq, yiroq",far away in space or time; not closely related,The mountain village was distant from the nearest city.
Unit 4,8,eclipse,tutilish (quyosh yoki oy),when one object blocks the light from another in space,Everyone watched the solar eclipse through special glasses safely.
Unit 4,9,fairy,"pari, sehrli mavjudot",a small imaginary creature with magical powers in stories,The fairy touched the flower and it began to glow magically.
Unit 4,10,grace,"nafosatlilik, go'zallik",elegance and beauty in movement; kindness or goodwill,She danced with such grace that the audience was amazed.
Unit 4,11,leisure,"bo'sh vaqt, dam olish",time when you are free from work or duties,She enjoys reading books in her leisure time at home.
Unit 4,12,mankind,"insoniyat, odamzod",all human beings as a group; the human race,Space exploration is one of mankind's greatest achievements.
Unit 4,13,passion,"ishtiyoq, qizg'in sevgi",a very strong feeling of enthusiasm or love for something,He has a passion for painting that started in childhood.
Unit 4,14,pillow,yostiq,a soft cushion used to rest the head while sleeping,She fluffed her pillow before going to bed at night.
Unit 4,15,pulse,"yurak urishi, tomir urishi",the regular beating of the heart felt in the body,The doctor checked her pulse after she fainted suddenly.
Unit 4,16,refresh,"yangilash, yangi kuch bermoq","to make something feel new, clean, or full of energy",A cold shower helped refresh him after the long workout.
Unit 4,17,sneeze,aksirmoq,to push air suddenly out through the nose and mouth,He sneezed loudly during the quiet part of the concert.
Unit 4,18,spice,"ziravorlar, aroma",a plant-based substance used to flavor food; excitement,She added spice to the soup to improve its flavor.
Unit 4,19,whistle,hushtak chalmoq; hushtak,to make a high sound by pushing air through lips or a tool,The referee blew the whistle to end the football match.
Unit 4,20,wool,"jun, yung",the thick soft hair of sheep used to make clothing,Her sweater was made from natural wool and felt very warm.

Unit 5,,,,,
Unit 5,1,acquaint,"tanishmoq, xabardor qilmoq",to make someone familiar with a person or thing,Let me acquaint you with the new office rules today.
Unit 5,2,cemetery,"qabriston, qabristoni",a place where dead people are buried,They visited the old cemetery on the hill every spring.
Unit 5,3,curse,"la'nat, qarg'ish; so'kmoq",a wish that bad things happen to someone; to swear,He cursed quietly when he spilled coffee on his shirt.
Unit 5,4,disguise,"niqob, yashirish; o'zini yashirmoq",to change appearance so as not to be recognized,The spy wore a disguise to enter the enemy building.
Unit 5,5,fancy,hashamatli; xohlamoq; xayol,to like something; something special or elaborate,Do you fancy a walk in the park this afternoon?
Unit 5,6,flashlight,"fonar, qo'l fonari",a small portable electric light held in the hand,She used a flashlight to find her way in the dark cave.
Unit 5,7,hood,kapyushon; qopqoq,a covering for the head attached to a coat; a car cover,She pulled her hood up when it started to rain.
Unit 5,8,inhabitant,"aholi, yashovchi",a person or animal that lives in a particular place,The inhabitants of the village welcomed the tourists warmly.
Unit 5,9,nourish,"oziqlantirmoq, boqmoq",to provide food and care needed for growth and health,A good diet nourishes both the body and the mind.
Unit 5,10,pirate,"qaroqchi, dengiz qaroqchisi",a person who robs at sea or copies protected content,The pirate ship sailed under a black flag at sea.
Unit 5,11,publication,"nashr, chop etish","a book, magazine, or other printed material released publicly",The new publication was available in bookstores last Friday.
Unit 5,12,riddle,"topishmoq, jumboq",a question or puzzle with a clever or tricky answer,Can you solve this old riddle: what has hands but no arms?
Unit 5,13,rot,"chirmoq, buzilmoq","to decay or decompose, especially organic material",The fallen apples began to rot after a few warm days.
Unit 5,14,scare,"qo'rqitmoq, vahima",to frighten someone; a sudden feeling of fear,The loud noise gave the baby quite a scare last night.
Unit 5,15,shortly,"tez orada, ko'p o'tmay",in a short time; very soon; briefly,"The doctor will see you shortly, please wait in the hall."
Unit 5,16,skeleton,"skelet, suyaklar",the framework of bones inside a body; a very thin person,Scientists found an ancient skeleton buried under the old ruins.
Unit 5,17,spoil,"buzdirmoq, ishdan chiqarmoq",to damage or ruin something; to treat a child too well,Heavy rain spoiled our outdoor picnic plans completely.
Unit 5,18,starve,"och qolmoq, och o'ldirmoq",to suffer or die from lack of food,Millions of people starve in regions affected by drought.
Unit 5,19,thrill,"hayajon, quvonch; hayajonlantirmoq",a sudden feeling of excitement or pleasure,Seeing her favorite singer live was an incredible thrill.
Unit 5,20,wicked,"yovuz, shafqatsiz",morally bad; evil or cruel in behavior,The wicked queen poisoned the apple in the old story.

Unit 6,,,,,
Unit 6,1,alert,"ogoh, hushyor; ogohlantirmoq",quick to notice things; a warning signal,Stay alert while walking alone in unfamiliar areas at night.
Unit 6,2,broadcast,"efirga uzatmoq, tarqatmoq",to send out radio or TV programs to many people,The news was broadcast live on national television last night.
Unit 6,3,bulletin,"e'lon, xabar, byulleten",a short news report or official announcement,The school put up a bulletin about the upcoming sports day.
Unit 6,4,bump,to'qnashuv; urib ketmoq,to knock against something; a small raised area,She bumped her head on the low doorframe going inside.
Unit 6,5,chop,"to'g'ramoq, maydalash",to cut something into pieces with a sharp tool,Please chop the onions finely before adding them to the pot.
Unit 6,6,closet,"shkaf, kichik xona",a small room or cabinet used for storing clothes or items,He hung his coat in the closet near the front door.
Unit 6,7,console,tasalli bermoq; boshqaruv paneli,to comfort someone who is sad; a control panel or device,She consoled her friend after he lost his job last week.
Unit 6,8,district,"tuman, okrug",an area of a town or country with a specific purpose,She works in the business district of the capital city.
Unit 6,9,drawer,"tortma, sunduk",a sliding box in a piece of furniture for storing things,He kept his important documents in the top desk drawer.
Unit 6,10,endure,"chidamoq, bardosh bermoq",to suffer pain or difficulty patiently over a long time,They endured extreme cold during the mountain expedition.
Unit 6,11,execute,ijro etmoq; o'lim jazosini bermoq,to carry out a plan or task; to put to death legally,The team executed the project plan with great precision.
Unit 6,12,grasp,"ushlamoq, chantiqlamoq; tushunmoq",to take hold of something firmly; to understand fully,He grasped the rope tightly as the boat began to rock.
Unit 6,13,rear,orqa; tarbiyalamoq,the back part of something; to raise children or animals,She sat in the rear seat of the bus during the journey.
Unit 6,14,senator,senator,an elected member of a country's senate or upper house,The senator gave a speech about education reform yesterday.
Unit 6,15,skull,"bosh suyagi, kalla",the bony structure forming the head that protects the brain,The pirate flag shows a skull and two crossed bones.
Unit 6,16,stir,aralashtirmoq; qo'zg'atmoq,to mix something with a circular movement; to excite,Stir the soup gently so it doesn't stick to the bottom.
Unit 6,17,tap,jentil urmoq; kran; qoqmoq,to hit lightly; a device to control water flow from a pipe,She tapped her fingers on the desk while thinking quietly.
Unit 6,18,tremendous,"ulkan, juda katta","very large or great in size, amount, or degree",The earthquake caused tremendous damage to the coastal towns.
Unit 6,19,underneath,"ostida, tagida",below or beneath something else,She found her lost keys underneath the living room sofa.
Unit 6,20,worm,chuvalchang; qurti,a small long creature without legs that lives in soil,Birds pull worms out of the wet soil after rain.

Unit 7,,,,,
Unit 7,1,abandon,"tark etmoq, qoldirmoq",to leave a person or place permanently without returning,He abandoned his old car on the side of the road.
Unit 7,2,ambitious,"ambitsiyali, maqsadli",having a strong desire to succeed or achieve great things,She is very ambitious and plans to become a doctor someday.
Unit 7,3,bark,po'stloq; vovullamoq,the outer covering of a tree; the sound a dog makes,The dog barked loudly when a stranger approached the gate.
Unit 7,4,bay,ko'rfaz; qichqirmoq,a curved area of sea partly enclosed by land,The ship sailed slowly into the peaceful bay at sunset.
Unit 7,5,brilliant,"ajoyib, aqlli; yorqin",very clever or talented; very bright in color or light,She gave a brilliant speech at the graduation ceremony.
Unit 7,6,chin,iyak,the part of the face below the mouth,He rested his chin on his hand while thinking quietly.
Unit 7,7,complaint,"shikoyat, norozilik",an expression of dissatisfaction or unhappiness about something,She filed a complaint about the noisy neighbors next door.
Unit 7,8,deaf,"kar, eshitmaydigan","unable to hear, either partly or completely",She learned sign language to communicate with her deaf friend.
Unit 7,9,enthusiastic,"ishtiyoqli, qizg'in",showing great excitement or eagerness about something,He was enthusiastic about joining the school debate team.
Unit 7,10,expedition,"ekspeditsiya, safarko'y","a journey made for a specific purpose, especially exploration",The team organized an expedition to climb the highest peak.
Unit 7,11,horizon,"ufq, gorizont",the line where the earth and sky appear to meet,The sun slowly disappeared below the horizon at dusk.
Unit 7,12,loyal,"sodiq, vafodar","faithful and devoted to a person, cause, or belief",A loyal friend stays with you even in difficult times.
Unit 7,13,mayor,"mayor, shahar hokimi",the elected leader of a city or town's government,The mayor announced plans to build a new public library.
Unit 7,14,mutual,"o'zaro, ikki tomonlama",shared between two or more people equally,Their friendship was built on mutual respect and trust.
Unit 7,15,overweight,"ortiqcha vazn, semiz",heavier than is considered healthy or normal for one's height,The doctor advised him to exercise because he was overweight.
Unit 7,16,refuge,"boshpana, panoh",a safe place giving protection from danger or trouble,The abandoned barn served as a refuge from the storm.
Unit 7,17,restore,"tiklash, qayta tiklash",to bring something back to its original condition,They worked hard to restore the old painting to its beauty.
Unit 7,18,rub,"ishqalamoq, silash",to press and move something back and forth on a surface,She rubbed her tired eyes after a long day at work.
Unit 7,19,senses,"sezgi, his organlari","the five physical abilities: sight, hearing, smell, taste, touch",Cold weather can sharpen your senses during a morning walk.
Unit 7,20,veterinarian,"veterinar, hayvon doktori",a doctor who treats the medical problems of animals,The veterinarian examined the sick cat and gave it medicine.

Unit 8,,,,,
Unit 8,1,anniversary,"yillik sana, yubiley",the date on which an event happened in a previous year,They celebrated their 10th wedding anniversary in Paris.
Unit 8,2,arithmetic,"arifmetika, hisob-kitob",the branch of math dealing with basic number operations,Children learn arithmetic before moving on to algebra in school.
Unit 8,3,ashamed,"uyalgan, xijolat tortgan",feeling embarrassed or guilty about something you have done,She was ashamed of lying to her best friend about it.
Unit 8,4,burst,"portlash, yorilish; to'lib toshmoq",to break open suddenly with force; to be full of emotion,The balloon burst when someone accidentally sat on it.
Unit 8,5,carpenter,duradgor,a person who makes and repairs wooden structures and furniture,The carpenter built a beautiful wooden table for the dining room.
Unit 8,6,coal,"ko'mir, toshko'mir",a hard black rock burned as fuel for heat and energy,"In the past, coal was the main fuel used in winter heating."
Unit 8,7,couch,"divan, kreslo",a long comfortable piece of furniture for sitting or lying on,He fell asleep on the couch while watching television last night.
Unit 8,8,drip,"tomchilamoq, tomchi",to fall in small drops; a small amount of falling liquid,Water was dripping from the broken pipe in the ceiling.
Unit 8,9,elegant,"nafis, go'zal, chiroyli",graceful and stylish in appearance or manner,She wore an elegant dress to the formal dinner party.
Unit 8,10,fabric,"mato, gazlama",cloth or material used for making clothes and other things,This jacket is made from a light and breathable fabric.
Unit 8,11,highlands,"tog'li o'lka, baland yerlar",an area of high or mountainous land in a country,The Scottish Highlands are famous for their wild natural beauty.
Unit 8,12,ivory,fil suyagi; kremrang,the hard white material from elephant tusks; cream colored,The old piano keys were made from real ivory long ago.
Unit 8,13,mill,tegirmon; zavod,a building where grain is ground into flour; a factory,The old water mill by the river still grinds grain today.
Unit 8,14,needle,"igna, bigiz",a thin pointed tool used for sewing or injecting medicine,Thread the needle carefully before you start to sew the cloth.
Unit 8,15,polish,"jilolash, sayqallash; tozalash",to make a surface shiny by rubbing it; to improve a skill,He polished his shoes until they shone like mirrors.
Unit 8,16,sew,"tikmoq, chokunmoq",to join fabric together using a needle and thread,She sewed a button back onto her jacket with red thread.
Unit 8,17,shed,"saroy, shed; to'kmoq",a small simple building for storing things; to lose or drop,Trees shed their leaves every autumn before winter comes.
Unit 8,18,thread,"ip, sap",a thin strand used in sewing; to pass through a small hole,She used white thread to sew the torn seam of her dress.
Unit 8,19,trim,kesib chiqmoq; tartibli,to cut the edges of something to make it neater; neat,He trimmed his beard short before the important job interview.
Unit 8,20,upwards,"yuqoriga, tepaga",toward a higher place or level than before,Prices have been moving upwards steadily for the past year.

Unit 9,,,,,
Unit 9,1,ail,"og'rimoq, dardlamoq",to be ill or in poor health; to cause trouble,The old man ailed for months before seeing a doctor.
Unit 9,2,ally,"ittifoqchi, do'st",a country or person joined with another for a common goal,France was a key ally during the Second World War.
Unit 9,3,boast,"maqtanmoq, kerilib gapirmoq",to talk with too much pride about what you can do,He always boasts about his exam results to his classmates.
Unit 9,4,bounce,"sakramoq, qaytib ketmoq",to spring up and down after hitting a surface,The rubber ball bounced off the wall and hit the window.
Unit 9,5,bully,jabr qilmoq; zo'ravon,to frighten or hurt someone weaker repeatedly on purpose,The teacher stopped the boy who was bullying others at school.
Unit 9,6,carbohydrate,uglevodlar,a food substance like sugar or starch that gives energy,"Bread, rice, and pasta are common sources of carbohydrate."
Unit 9,7,crawl,"emaklamoq, sudralib yurmoq",to move on hands and knees or move very slowly,The baby crawled across the floor toward her favorite toy.
Unit 9,8,defeat,mag'lubiyat; yengmoq,to win against someone in a fight or competition,Our team defeated the opponents by three goals to one.
Unit 9,9,dial,raqam termoq; disk,to call a phone number; a round control on a device,She dialed the wrong number and had to call again.
Unit 9,10,dominant,"hukmron, ustun",most powerful or important; controlling others,English is the dominant language in international business today.
Unit 9,11,mercy,"rahm-shafqat, mehribonlik",kindness toward someone in your power to punish,The judge showed mercy and gave the young man a lighter sentence.
Unit 9,12,nod,bosh irg'amoq; mayl,to move the head up and down to show agreement or greeting,She nodded to show she understood without saying a word.
Unit 9,13,opponent,"raqib, xasim",a person who competes against or fights against you,He shook hands with his opponent after the chess match.
Unit 9,14,quarrel,"janjal, bahslashuv; urushmoq",an angry argument between people; to argue angrily,The brothers quarreled over who should wash the dishes tonight.
Unit 9,15,rival,"raqib, musobaqa qiluvchi",a person competing against another for the same goal,The two athletes were friendly rivals on and off the track.
Unit 9,16,sore,"og'riqli, achishuvchi",painful or tender when touched; upset or angry,His throat was sore after singing at the concert all night.
Unit 9,17,sting,"chaqqan, nish urmoq; og'rimoq",to cause a sharp pain; the wound from an insect bite,The bee sting on her hand caused immediate pain and swelling.
Unit 9,18,strain,zo'riqish; taranglash,to injure a muscle by stretching it too much; great effort,He strained his back while lifting heavy boxes at work.
Unit 9,19,torture,"azob bermoq, qiynash; azob",to cause great pain to someone deliberately; great suffering,It was pure torture waiting for the exam results all week.
Unit 9,20,wrestle,"kurash, olishish; kurashmoq",to fight by grappling with another person; to struggle with,He wrestled with the difficult problem for hours before solving it.

Unit 10,,,,,
Unit 10,1,absence,"yo'qlik, bo'lmaslik",the state of not being in a place or not existing,His absence from the meeting was noticed by everyone there.
Unit 10,2,aloud,"baland ovozda, eshittirib",in a voice that can be heard; not silently,She read the poem aloud so the whole class could hear.
Unit 10,3,bald,"kal, sochi yo'q",having little or no hair on the top of the head,My grandfather became completely bald by the age of fifty.
Unit 10,4,blanket,"ko'rpa, adyol",a warm covering used on a bed or to keep warm,She wrapped herself in a warm blanket on the cold evening.
Unit 10,5,creep,emaklamoq; sekinlik bilan yurmoq,to move slowly and quietly to avoid being noticed,The cat crept silently toward the bird in the garden.
Unit 10,6,divorce,"ajrashish, taloq",the legal ending of a marriage between two people,"After many years of conflict, they finally decided to divorce."
Unit 10,7,imitate,"taqlid qilmoq, o'xshatmoq","to copy the way someone behaves, speaks, or looks",Children often imitate the behaviors they see in their parents.
Unit 10,8,infant,"chaqaloq, go'dak","a very young child, especially one under one year old",The infant cried loudly until her mother picked her up.
Unit 10,9,kidnap,"o'g'irlamoq, garovga olmoq","to take someone away illegally, usually to demand money",The criminal was arrested for planning to kidnap the businessman.
Unit 10,10,nap,"qisqa uxlash, mudroq",a short sleep taken during the day for rest,She took a short nap after lunch to regain her energy.
Unit 10,11,nowhere,"hech yerda, hech qayerga",not in or to any place; not anywhere,I looked everywhere for my keys but they were nowhere.
Unit 10,12,pat,"qoqimoq, silash; mehribon urmoq",to touch gently with a flat hand as a sign of affection,She patted the dog gently on the head after it sat down.
Unit 10,13,relief,"yengillik, qutulish","a feeling of freedom from worry, pain, or a problem",It was a great relief when the lost child was found safe.
Unit 10,14,reproduce,ko'paymoq; nusxa ko'chirmoq,to produce offspring; to make a copy of something,Plants reproduce by spreading seeds or growing from roots.
Unit 10,15,rhyme,qofiya; qofiyalamoq,words that have similar ending sounds; to end with similar sounds,'Cat' and 'hat' rhyme because they both end with '-at'.
Unit 10,16,suck,"so'rmoq, shimirmoq",to draw liquid into the mouth by creating suction,The baby sucked milk from the bottle contentedly and quietly.
Unit 10,17,urgent,"shoshilinch, zarur",requiring immediate action or attention,She sent an urgent email to her boss about the problem.
Unit 10,18,vanish,"g'oyib bo'lmoq, yo'qolmoq",to disappear suddenly and completely from sight,The magician made the coin vanish right before our eyes.
Unit 10,19,wagon,"aravacha, vagon",a four-wheeled vehicle pulled by a horse or used for carrying,The farmer loaded his crops onto the wooden wagon at harvest.
Unit 10,20,wrinkle,"ajin, burishiq; burishtirmoq",a line or fold in skin or fabric; to form creases,Her face had deep wrinkles from years of working in the sun.

Unit 11,,,,,
Unit 11,1,abnormal,"g'ayritabiiy, noodatiy",different from what is normal or expected; unusual,The doctor said the test results were slightly abnormal.
Unit 11,2,bamboo,bambuk,a fast-growing tropical plant with hollow woody stems,Pandas eat bamboo as their main source of daily food.
Unit 11,3,blossom,"gul, qo'ng'iroqcha; gullamoq","a flower, especially on a tree; to develop and grow well",The cherry trees blossom beautifully every spring in the park.
Unit 11,4,compass,kompas; yo'nalish ko'rsatgich,a device for finding direction; a tool for drawing circles,The hiker used a compass to navigate through the dense forest.
Unit 11,5,dialect,"lahja, sheva",a form of a language spoken in a particular region,The old man spoke in a regional dialect that was hard to understand.
Unit 11,6,dishonest,"nohonest, yolg'onchi",not truthful or fair; likely to cheat or deceive others,It was dishonest of him to hide the truth from his team.
Unit 11,7,dwarf,"mitti, jussasi kichik","a person, animal, or plant that is much smaller than normal",The dwarf tree in the garden only reaches one meter high.
Unit 11,8,ecosystem,ekosistema,a community of living things interacting with their environment,The Amazon rainforest is one of the richest ecosystems on Earth.
Unit 11,9,fatal,"o'limli, halokatli",causing death or very serious and irreversible consequences,The accident was fatal and three people lost their lives.
Unit 11,10,impatient,"sabrsiz, toqatsiz",unable to wait calmly; easily annoyed by delays or mistakes,She was impatient for the exam results to be announced.
Unit 11,11,leaf,barg; varaqlash,a flat green part of a plant; to turn pages quickly,The wind blew the dry leaves off the trees in autumn.
Unit 11,12,manuscript,"qo'lyozma, asl nusxa","a handwritten or typed document, especially a book",The ancient manuscript was carefully stored in the museum vault.
Unit 11,13,marsh,"botqoq, ko'lmak yer",soft wet land that is often covered with water and reeds,Many rare birds nest in the marshes near the river delta.
Unit 11,14,patience,"sabr, chidamlilik",the ability to wait calmly without becoming upset,Learning a new language requires a lot of patience and practice.
Unit 11,15,perfume,"atir, xushbo'y hid",a pleasant-smelling liquid sprayed on the body for fragrance,She wore a light perfume that smelled of flowers and citrus.
Unit 11,16,pond,"hovuz, ko'lmak",a small area of still water smaller than a lake,Children fed the ducks at the pond in the city park.
Unit 11,17,proverb,"maqol, naql",a short well-known saying that gives advice or wisdom,There is an old proverb: 'Better late than never.'
Unit 11,18,pursuit,"quvish, izlab topish; mashg'ulot",the act of chasing or seeking something with great effort,He dedicated his life to the pursuit of scientific knowledge.
Unit 11,19,recite,"yod aytmoq, o'qimoq",to say something from memory in front of others,She recited the poem confidently in front of the whole class.
Unit 11,20,wilderness,"yovvoyi tabiat, cho'l",a wild natural area not touched or changed by people,The explorers camped in the wilderness far from any city.

Unit 12,,,,,
Unit 12,1,anticipate,"kutmoq, oldindan sezmoq",to expect or look forward to something happening in future,We anticipated a large crowd at the free outdoor concert.
Unit 12,2,barrel,"bochka, katta idish",a large round container for storing liquids like wine or oil,The winery stored hundreds of barrels of wine in the cellar.
Unit 12,3,beam,"nur, shid; tabassum qilmoq",a ray of light; a long piece of wood; to smile widely,Sunbeams came through the curtains and lit up the dusty room.
Unit 12,4,casual,"oddiy, erkin; tasodifiy",relaxed and informal; happening by chance without planning,The office allows casual clothing on Fridays for all staff.
Unit 12,5,caution,ehtiyotkorlik; ogohlantirmoq,care taken to avoid danger; to warn someone about a risk,He drove with great caution on the icy mountain road.
Unit 12,6,contrary,"qarama-qarshi, teskari",the opposite of what is expected or stated; opposing,"Contrary to popular belief, goldfish actually have good memory."
Unit 12,7,deliberate,ataylab qilingan; o'ylab ko'rmoq,done on purpose; to think carefully before deciding something,His rude comment was deliberate and meant to hurt her feelings.
Unit 12,8,dissolve,"ermoq, eritmoq",to mix a solid into a liquid until it disappears completely,Stir until the sugar completely dissolves in the warm water.
Unit 12,9,explode,"portlamoq, yorilib ketmoq",to burst suddenly with great force and loud noise,The firecracker exploded in the air with a bright flash.
Unit 12,10,fasten,"mahkamlamoq, bog'lamoq",to close or fix something firmly in place so it stays,Fasten your seatbelt before the car starts moving forward.
Unit 12,11,germ,"mikrob, bakteriya",a tiny organism that causes disease in people or animals,Wash your hands to remove germs before eating any food.
Unit 12,12,kit,asbob-uskuna to'plami,a set of tools or items kept together for a specific use,He kept a first aid kit in his backpack for emergencies.
Unit 12,13,puff,"puflash, nafas; tutun","a short burst of air, smoke, or breath; to breathe heavily",He was puffing after climbing all ten flights of stairs.
Unit 12,14,rag,"latta, eskilgan mato",a torn or worn piece of cloth used for cleaning things,She used an old rag to wipe the grease off the engine.
Unit 12,15,scatter,"tarqatmoq, sochmoq",to throw things in different directions; to move apart,She scattered breadcrumbs on the ground for the birds to eat.
Unit 12,16,scent,"hid, xushbo'ylik",a pleasant smell; the smell left behind by an animal,The scent of fresh bread filled the whole street in the morning.
Unit 12,17,steel,po'lat; mustahkam,a strong metal made from iron used in construction,The bridge was built with reinforced steel to handle heavy loads.
Unit 12,18,swift,"tez, chaqqon",moving very fast; quick and immediate in action,The cheetah is the swiftest land animal in the world today.
Unit 12,19,toss,"uloqtirmoq, irg'imoq",to throw something lightly or carelessly in a direction,She tossed the ball to her teammate across the field.
Unit 12,20,triumph,"g'alaba, muvaqqiyat; g'alaba qozonmoq",a great victory or achievement; to win a great victory,The team's triumph in the finals brought the whole city joy.

Unit 13,,,,,
Unit 13,1,aboard,"kemada, ichida; transportga","on or into a ship, plane, train, or other vehicle",All passengers must be aboard the train before it departs.
Unit 13,2,bitter,"achchiq, o'tkir; g'azabli",having a sharp unpleasant taste; feeling angry or resentful,The medicine had a very bitter taste but it helped quickly.
Unit 13,3,bullet,"o'q, patronning o'qi",a small metal object fired from a gun at high speed,Police found a bullet lodged in the wooden wall of the room.
Unit 13,4,devil,"iblis, shayton",an evil spirit in many religions; a very wicked person,"In the story, the devil tried to trick the honest farmer."
Unit 13,5,drift,suzib ketmoq; oqimga berilmoq,to be carried along by water or wind without control,The small boat drifted away from shore during the night.
Unit 13,6,enforce,"ijro ettirmoq, amalga oshirmoq",to make people obey a law or rule using authority,The new speed limit is being strictly enforced on this road.
Unit 13,7,fountain,"favvora, buloq",a structure where water shoots up into the air decoratively,Children played in the fountain in the central town square.
Unit 13,8,harbor,"port, ko'rfaz; boshpana bermoq",a sheltered area of water where ships anchor safely,The fishing boats returned to the harbor before the storm hit.
Unit 13,9,inhabit,"yashamoq, istiqomat qilmoq",to live in a particular place as a permanent resident,Various rare species of birds inhabit this protected wetland area.
Unit 13,10,march,"yurish, safda borish; mart oyi",to walk in a military way; to walk purposefully together,The soldiers marched in perfect formation through the city streets.
Unit 13,11,millionaire,millioner,a person who has at least one million units of money,He became a millionaire by investing wisely in technology stocks.
Unit 13,12,port,"port, ko'rfaz shahri",a town or city with a harbor where ships load and unload,The port was busy with cargo ships arriving from many countries.
Unit 13,13,sheriff,"sheriff, tartibot saqlovchi",a law enforcement officer in charge of a county or town,The sheriff arrived quickly and stopped the robbery in progress.
Unit 13,14,startle,"cho'chitmoq, turtib yubormoq",to make someone suddenly surprised or frightened unexpectedly,A loud knock at the door startled her while she was reading.
Unit 13,15,sweat,ter; terlamoq,liquid produced by the body when hot or nervous; to perspire,He was sweating heavily after running five kilometers in heat.
Unit 13,16,trigger,qo'zg'atmoq; tetik,to cause something to start; the lever on a gun,The bad news triggered a wave of anxiety throughout the office.
Unit 13,17,unify,"birlashtirmoq, yagona qilmoq",to bring people or things together as one united group,The leader worked hard to unify the divided political parties.
Unit 13,18,vessel,"kema, idish; tomir",a ship or boat; a container for liquid; a tube in the body,"The blood vessel was blocked, causing a serious medical problem."
Unit 13,19,voyage,"sayohat, suzish",a long journey especially by sea or through space,The ship's voyage across the Atlantic took three weeks to complete.
Unit 13,20,worship,"sig'inmoq, ibodot qilmoq; hurmat",to show great love or devotion to a god or something admired,People gathered in the temple to worship and pray together.

Unit 14,,,,,
Unit 14,1,apprentice,"shogird, o'quvchi ishchi",a person learning a skill from an experienced employer,The young apprentice learned carpentry from a master craftsman.
Unit 14,2,assure,"ishontirmoq, kafolat bermoq",to tell someone confidently that something is true,I assure you that all the information is completely accurate.
Unit 14,3,bandage,"bog'lam, bint; bog'lamoq",a strip of cloth used to cover and protect a wound,The nurse put a bandage on the cut on his finger.
Unit 14,4,bleed,"qon ketmoq, qon chiqarmoq",to lose blood from the body through a wound or cut,His knee was bleeding after he fell off the bicycle outside.
Unit 14,5,bond,bog'lanish; aloqa; qamoq,a close connection or tie between people; to form a link,The shared experience created a strong bond between the teammates.
Unit 14,6,chef,"oshpaz, oshxona boshlig'i","a professional cook, especially the head cook in a restaurant",The chef prepared a five-course meal for the special dinner.
Unit 14,7,crown,toj; g'olib bo'lmoq,a circular headpiece worn by royalty; to officially make a king,The queen wore a golden crown at the royal ceremony.
Unit 14,8,departure,"jo'nash, ketish",the act of leaving a place or beginning a journey,His sudden departure from the company surprised everyone greatly.
Unit 14,9,diligent,"tirishqoq, g'ayratli",working hard and with careful attention to detail,She was a diligent student who always completed every assignment.
Unit 14,10,emperor,"imperator, podshoh",the ruler of an empire; the highest-ranking royal person,The Roman emperor ruled over a vast and powerful territory.
Unit 14,11,fiber,"tolali, ip; tolalar",a thin thread-like material; dietary material in plant foods,Eating more fiber helps to improve your digestion significantly.
Unit 14,12,horrible,"dahshatli, qo'rqinchli",causing fear or shock; very unpleasant or awful,The smell coming from the old fridge was absolutely horrible.
Unit 14,13,impolite,"odobsiz, beadab",not showing good manners; rude toward other people,It is impolite to interrupt someone when they are speaking.
Unit 14,14,kneel,tiz cho'kmoq,to go down on one or both knees to the ground,He knelt down to tie his shoelaces before the race began.
Unit 14,15,luxury,"hashamat, boylik; qimmat narsa",great comfort or an expensive and pleasant thing or experience,Staying in a five-star hotel is a real luxury for most people.
Unit 14,16,massive,"ulkan, katta, juda katta","very large in size, quantity, or extent",The earthquake caused massive destruction across the entire region.
Unit 14,17,panic,"vahima, panik; qo'rqib qolmoq",sudden strong fear causing confused or unwise behavior,She panicked when she realized she had lost her passport abroad.
Unit 14,18,priority,"ustunlik, muhimlik; birinchi o'rin",something considered more important than other things at hand,Your health should always be your first and most important priority.
Unit 14,19,robe,"xalat, libos; kiyintirmoq",a long loose garment worn as clothing or ceremonially,The judge wore a long black robe while sitting in the courtroom.
Unit 14,20,scold,"tanbeh bermoq, jazalamoq",to speak angrily to someone because they did something wrong,The teacher scolded the student for not submitting his homework.

Unit 15,,,,,
Unit 15,1,affair,"ish, masala; voqea; sirli munosabat",a matter or situation; a romantic relationship outside marriage,The business affair was handled professionally by the legal team.
Unit 15,2,assembly,"yig'ilish, majlis; yig'ish",a group of people gathered together; putting parts together,The school assembly was held every Monday morning in the hall.
Unit 15,3,bless,"duo qilmoq, barakot tilash",to ask God's protection for someone; to feel very fortunate,The priest blessed the wedding couple during the ceremony.
Unit 15,4,cereal,"don, g'alla; nonushta uchun don",a grain crop; a breakfast food made from processed grains,He eats a bowl of cereal with cold milk every morning.
Unit 15,5,cheerful,"xursand, quvnoq",noticeably happy and optimistic; bringing happiness to others,She was always cheerful even when things were going wrong.
Unit 15,6,diameter,"diametr, kenglik",a straight line passing through the center of a circle,The diameter of this coin is exactly two centimeters wide.
Unit 15,7,exploit,foydalanmoq; jasorat; yoqimsiz ishlatmoq,to use something fully; a brave deed; to use someone unfairly,The company was accused of exploiting its workers with low pay.
Unit 15,8,famine,"qahatchililik, ochlik",a serious shortage of food causing widespread hunger and death,The famine of the 1930s caused millions of deaths across Ukraine.
Unit 15,9,harvest,"hosil yig'ish, o'rim",the time of year when crops are gathered from the fields,The farmer worked from dawn to dusk during the harvest season.
Unit 15,10,merry,"xursandchilik, shodlik",happy and cheerful; full of laughter and enjoyment,Everyone was merry at the holiday party and danced all night.
Unit 15,11,nut,yong'oq; vint qisqichi,the hard-shelled fruit of certain trees; a small metal fastener,She cracked open the walnut and took out the nut inside.
Unit 15,12,pardon,kechirim; kechirmoq,forgiveness for something wrong; to officially forgive a crime,He asked for her pardon after saying something unkind to her.
Unit 15,13,pharaoh,fir'avun,a ruler of ancient Egypt; a title for the Egyptian king,The pharaoh ordered the construction of the great pyramid.
Unit 15,14,ripe,"pishgan, yetilgan",fully developed and ready to be eaten or used,The peaches on the tree are ripe and ready to be picked.
Unit 15,15,roast,"kabob qilmoq, qovurmoq; qovurilgan",to cook food in an oven with dry heat; roasted food,She roasted a whole chicken in the oven for Sunday dinner.
Unit 15,16,routine,"kundalik tartib, odatiy holat",a regular set of activities done in the same order daily,Exercising every morning became part of her daily routine.
Unit 15,17,scheme,"reja, hiyla; rejalashtirmoq",a plan or system; a dishonest plan to get something,He came up with a scheme to solve the budget problem quickly.
Unit 15,18,slim,"ozg'in, nozik; ozmoq",thin in a pleasant way; to make yourself thinner through diet,She follows a healthy diet to stay slim and feel energetic.
Unit 15,19,stove,"pech, plita",a device used for cooking or heating a room,She put the pot on the stove and turned up the heat.
Unit 15,20,theft,"o'g'irlik, talash",the crime of taking something that belongs to another person,The theft was caught on the security camera in the store.

Unit 16,,,,,
Unit 16,1,adolescent,"o'smir, o'spirin",a young person between childhood and adulthood; a teenager,The program helps adolescents develop useful skills for the future.
Unit 16,2,aptitude,"qobiliyat, iste'dod",a natural ability or skill to do something well,She showed a great aptitude for learning foreign languages quickly.
Unit 16,3,compliment,"maqtov, tariflov; maqtamoq",a polite expression of praise or admiration for someone,He paid her a sincere compliment on her excellent presentation.
Unit 16,4,hinder,"to'sqinlik qilmoq, chalg'itmoq",to slow down or prevent something from happening easily,Bad weather can hinder travel and cause serious delays at airports.
Unit 16,5,journalism,jurnalistika,the profession of collecting and reporting news for public media,She studied journalism and now works for a national newspaper.
Unit 16,6,jury,"hakamlar hay'ati, zhyuri",a group of people who decide the verdict in a court case,The jury deliberated for two days before reaching a final verdict.
Unit 16,7,justice,"adolat, to'g'rilik",fairness in the way people are treated; the legal system,Everyone deserves equal justice regardless of their background.
Unit 16,8,liberty,"erkinlik, ozodlik","freedom to live, think, and act as you choose",The statue is a symbol of liberty and democracy for many nations.
Unit 16,9,literary,"adabiy, kitobiy",relating to literature or the writing and study of books,She has a literary talent and has written three published novels.
Unit 16,10,pharmacy,"dorixona, apteka",a store where medicines and health products are sold,He went to the pharmacy to pick up his doctor's prescription.
Unit 16,11,pill,"hap, tabletka",a small hard tablet of medicine swallowed with water,She took a pain relief pill for her headache before sleeping.
Unit 16,12,presume,"taxmin qilmoq, faraz qilmoq",to suppose something is true without having proof yet,I presume the meeting will start at nine as always on Mondays.
Unit 16,13,privacy,"maxfiylik, shaxsiy hayot",the state of being free from public attention or intrusion,She values her privacy and keeps her personal life very private.
Unit 16,14,punishment,"jazo, ceza",a penalty given to someone for doing something wrong,The punishment for the crime was two years in prison.
Unit 16,15,sensible,"aqlli, hushyor, amaliy",showing good judgment; practical and reasonable in approach,It was sensible to bring an umbrella given the cloudy weather.
Unit 16,16,slice,"tilim, parcha; kesmoq",a thin flat piece cut from something larger; to cut thinly,She cut a thick slice of bread and spread butter on it.
Unit 16,17,sorrow,"qayg'u, keder",a feeling of deep sadness or regret about something,He felt great sorrow when he heard about his friend's illness.
Unit 16,18,straw,somon; ichimlik naycha,dried plant stalks; a thin tube used for drinking liquids,She sipped her juice through a colorful plastic straw.
Unit 16,19,swell,"shishmoq, kabarmaq; ajoyib",to grow bigger; a large wave; excellent or very good,Her ankle began to swell after she twisted it while walking.
Unit 16,20,tidy,"tartibli, tozalab qo'ymoq",neat and orderly; to clean and organize a space,She tidied up her room before her guests arrived for dinner.

Unit 17,,,,,
Unit 17,1,affection,"muhabbat, sevgi, mehr",a gentle feeling of love or liking toward someone,She showed great affection toward her younger sister every day.
Unit 17,2,agency,"agentlik, idora; faoliyat",a business that provides a service; the power to act,She found a job through a local employment agency in the city.
Unit 17,3,ash,kul; kulrang,the powder left after something is burned; a type of tree,The ash from the campfire was still warm the next morning.
Unit 17,4,confine,"cheklash, qamoqqa olish",to keep someone or something within certain limits or a space,The injured bird was confined to a small cage to recover.
Unit 17,5,dismiss,ishdan bo'shatmoq; rad etmoq,to send someone away; to decide something is not important,The teacher dismissed the class early because of the fire drill.
Unit 17,6,erupt,"otilmoq, portlamoq; birdaniga boshlash",to burst out suddenly; for a volcano to send out lava,The volcano erupted without warning and covered the town in ash.
Unit 17,7,fate,"taqdir, qismat",the power believed to control events; a person's destiny,He believed that fate had brought the two of them together.
Unit 17,8,lava,"lava, quyuq magma",hot liquid rock that flows from a volcano during eruption,The lava flowed slowly down the mountainside destroying everything.
Unit 17,9,miserable,"baxtsiz, g'amgin; yomon",very unhappy or uncomfortable; causing great unhappiness,She felt miserable when she had to spend the holiday alone.
Unit 17,10,navigate,"yo'nalish belgilash, yon yo'l topmoq",to plan and follow a route; to find your way somewhere,It is easy to navigate this city because the streets are numbered.
Unit 17,11,originate,"kelib chiqmoq, boshlanmoq",to begin or come from a particular place or time,The tradition originated in ancient China over two thousand years ago.
Unit 17,12,remainder,"qoldiq, qolgan qism",the part that is left after the rest has been used or taken,He gave the remainder of the cake to his younger brother.
Unit 17,13,retrieve,"qaytarib olmoq, topmoq",to get something back or find it after it was lost,She retrieved her lost bag from the lost and found office.
Unit 17,14,shallow,"sayoz, chuqur bo'lmagan; yuzaki",not deep in water or thought; lacking depth or seriousness,The river was shallow enough to cross by foot in the summer.
Unit 17,15,slope,"yonbag'ir, qiyalik; qiya",a surface that goes up or down at an angle; to be inclined,The children slid down the snowy slope on their colorful sleds.
Unit 17,16,span,"davr, masofa; yoyilmoq",the length of time or distance from one end to another,The bridge spans the river at its widest and deepest point.
Unit 17,17,superstition,"xurofot, irim",a belief in supernatural causes for events; irrational belief,It is a superstition that breaking a mirror brings seven years of bad luck.
Unit 17,18,sympathy,"hamdardlik, achinish",feeling of understanding and sharing someone else's sadness,She expressed her sympathy by sending flowers to the grieving family.
Unit 17,19,vibrate,"titroq, tebranmoq",to move back and forth very quickly with a shaking motion,The phone vibrated on the table when a message arrived silently.
Unit 17,20,wander,"kezmoq, darbadarlik qilmoq",to walk or move without a fixed destination or purpose,He wandered through the old city streets for hours without maps.

Unit 18,,,,,
Unit 18,1,armor,"zirh, himoya libosi",protective covering worn in battle; any protective covering,The knight wore heavy armor to protect himself in battle.
Unit 18,2,blaze,"alanga, yonish; yonmoq",a bright burning fire; to burn strongly and brightly,The fire blazed through the forest and destroyed many trees.
Unit 18,3,boom,"gumbur, portlash; keskin o'sish",a loud deep sound; a period of rapid economic growth,The construction boom created thousands of new jobs in the city.
Unit 18,4,cliff,"qoya, tik sirt",a high steep rock face usually near the sea or a river,She stood at the edge of the cliff looking down at the waves.
Unit 18,5,flame,"alanga, o't; yonmoq",the hot glowing gas produced when something is burning,The candle flame flickered in the breeze coming through the window.
Unit 18,6,independence,"mustaqillik, erkinlik",freedom from control by others; the state of being self-governing,The country celebrated fifty years of independence this year.
Unit 18,7,invasion,"bosqin, istilo",an armed attack on a country by a foreign force,The invasion began at dawn and lasted for three difficult days.
Unit 18,8,knight,ritsar; shaxmatda ot,a medieval soldier on horseback; a chess piece,The brave knight rode into battle to defend his kingdom.
Unit 18,9,lightning,"chaqmoq, yashin",a flash of bright light in the sky during a thunderstorm,Lightning struck the old oak tree during the severe thunderstorm.
Unit 18,10,rebel,isyonchi; isyon qilmoq,a person who fights against authority; to resist authority,The rebels fought to overthrow the corrupt government by force.
Unit 18,11,retreat,chekinish; chekinmoq,to move back when in danger; a quiet place for rest,The army was forced to retreat when outnumbered by the enemy.
Unit 18,12,revolution,"inqilob, to'ntarish; aylanish",a major political change; a complete circular movement,The French Revolution changed the course of European history forever.
Unit 18,13,spear,"nayzа, sanchiq",a long weapon with a sharp pointed tip thrown at targets,The hunter threw his spear at the charging wild boar.
Unit 18,14,steep,"tik, qiyalik; yuqori (narx)",rising or falling sharply; very high in price,The steep hill made it difficult to ride a bicycle upward.
Unit 18,15,summit,"cho'qqi, tepa; sammit",the highest point of a mountain; an important meeting of leaders,Reaching the summit of Mount Everest requires months of training.
Unit 18,16,thunder,momaqaldiroq; gumburlash,the loud noise that follows lightning during a thunderstorm,The children covered their ears when thunder roared across the sky.
Unit 18,17,troops,"qo'shinlar, askarlar",soldiers or armed forces considered as a group,The troops marched through the desert for three days without rest.
Unit 18,18,warrior,"jangchi, botir",a brave and experienced soldier or fighter in battle,The ancient warrior was known throughout the land for bravery.
Unit 18,19,withdraw,orqaga qaytmoq; olmoq,to take back or remove; to move back from a position,She withdrew her savings from the bank to pay for repairs.
Unit 18,20,yield,mahsulot bermoq; bo'ysunmoq,to produce a result; to give way to pressure or demands,The farmer's land yields a large crop of wheat every year.

Unit 19,,,,,
Unit 19,1,bench,"skameyka, o'rindiq; sudya stoli",a long seat; a judge's seat in a court of law,They sat on a park bench and watched the ducks in the pond.
Unit 19,2,confront,yuzma-yuz kelmoq; duch kelmoq,"to meet someone face to face, especially to deal with a problem",She confronted her colleague about the dishonest behavior at work.
Unit 19,3,daisy,"qo'ng'iroqchagul, margaritka",a small white flower with a yellow center found in fields,She picked a handful of daisies from the meadow for her mother.
Unit 19,4,dispute,"bahs, tortishuv; bahslashmoq","a disagreement or argument, especially an official one",The neighbors had a long dispute over the boundary of their land.
Unit 19,5,horror,"dahshat, qo'rquv","a feeling of great shock, fear, or disgust",She watched the horror film alone at night and couldn't sleep.
Unit 19,6,incident,"voqea, holat","an event, especially one that is unusual or causes problems",The police investigated the incident near the school on Tuesday.
Unit 19,7,mist,"tuman, yengil tuman",thin cloud or water droplets close to the ground; light fog,The morning mist covered the valley like a thin white blanket.
Unit 19,8,object,"narsa, buyum; e'tiroz bildirmoq",a physical thing; to say that you disagree with something,She objected to the new rule and wrote a formal complaint letter.
Unit 19,9,orphan,yetim,a child whose parents have both died; to be made an orphan,The orphan was adopted by a kind family and given a new home.
Unit 19,10,plot,"reja, hiyla; yer; hikoya chizig'i",a secret plan; a piece of land; the main story of a book,The exciting plot of the novel kept me reading until midnight.
Unit 19,11,pregnant,homilador,having a baby developing inside the womb,She found out she was pregnant and shared the happy news joyfully.
Unit 19,12,rage,"g'azab, qahru g'azab; g'azablanmoq",violent uncontrolled anger; to feel or show extreme anger,He was filled with rage when he saw the damage to his car.
Unit 19,13,revenge,"qasos, o'ch olish; qasos olmoq",the action of hurting someone who has hurt you first,She planned revenge after being treated so unfairly at work.
Unit 19,14,shame,"uyat, sharm; uyaltirmoq",a feeling of guilt or embarrassment; to make someone feel guilty,He felt shame when he realized how rude he had been to her.
Unit 19,15,sigh,"xo'rsinmoq, nola qilmoq; xo'rsinish",to breathe out slowly and deeply expressing sadness or relief,She sighed deeply when she finally finished the long difficult report.
Unit 19,16,sneak,yashirincha harakat qilmoq,to go quietly and secretly to avoid being seen or heard,He sneaked out of the house at night without waking anyone.
Unit 19,17,spare,qo'shimcha; tejamoq; ayamoq,extra; to give something freely; to avoid harming someone,Can you spare a few minutes to help me with this problem?
Unit 19,18,stem,"poya, o'zak; to'smoq",the main part of a plant; to stop or slow something down,The flooding stemmed from a broken pipe under the main road.
Unit 19,19,supper,kechki ovqat,"the last meal of the day, usually eaten in the evening",The family sat together and enjoyed a warm supper after work.
Unit 19,20,tender,"muloyim, yumshoq; taklif",gentle and kind; soft and easy to chew; an official offer,She spoke in a tender voice to comfort the frightened child.

Unit 20,,,,,
Unit 20,1,beneath,"ostida, tagida",under or lower than something; below a surface or level,The treasure was buried beneath the old oak tree in the garden.
Unit 20,2,cub,yosh hayvon bolasi,"the young of certain animals such as bears, lions, or foxes",The bear cub followed its mother closely through the thick forest.
Unit 20,3,dawn,"tong, tongotarlik",the first light of day; the beginning of something new,She woke up at dawn to watch the beautiful sunrise over the mountains.
Unit 20,4,dissatisfied,"norozilik, qoniqmaganlik",not pleased or happy with something; feeling disappointed,He was dissatisfied with the quality of service at the hotel.
Unit 20,5,ease,"osonlik, qulaylik; osonlashtirmoq",lack of difficulty; to make something less painful or difficult,The new medicine eased her headache within thirty minutes.
Unit 20,6,evident,"aniq, ravshan, ko'rinib turgan",clearly seen or understood; obvious and easy to notice,It was evident from his smile that he was very happy today.
Unit 20,7,hail,do'l; salom bermoq,small balls of ice falling like rain; to greet enthusiastically,A sudden hailstorm damaged many of the crops in the field.
Unit 20,8,howl,"ulish, bo'kirishmoq",to make a long loud cry like a dog or wolf at night,The wolf howled at the full moon in the cold dark forest.
Unit 20,9,leap,"sakramoq, otilmoq; sakrash",to jump a long distance; a sudden or large increase,The cat leapt from the floor to the top of the tall bookshelf.
Unit 20,10,magnificent,"ajoyib, go'zal, dahshatli",very impressive or beautiful; extremely good or wonderful,The view from the mountain top was absolutely magnificent and breathtaking.
Unit 20,11,necessity,"zarurluk, ehtiyoj",something that is needed; the state of needing something urgently,Water is a basic necessity that every living creature needs to survive.
Unit 20,12,outcome,"natija, oqibat",the result or final consequence of an event or process,The outcome of the election surprised many people across the country.
Unit 20,13,pile,"to'p, uyum; yig'moq",a heap of things placed on top of each other; to stack up,There was a large pile of dirty dishes in the kitchen sink.
Unit 20,14,profound,"chuqur, jiddiy, ta'sirchan",very great or intense; having deep understanding or meaning,She felt profound sadness when she heard the tragic news yesterday.
Unit 20,15,seize,"ushlamoq, egallash",to take hold of something suddenly and firmly; to capture,The police seized the stolen goods hidden in the suspect's car.
Unit 20,16,squeeze,"siqmoq, ezmoq",to press something firmly from both sides; to extract liquid,She squeezed fresh lemon juice over the salad before serving it.
Unit 20,17,supreme,"oliy, eng yuqori","highest in authority, importance, or quality; greatest possible",The Supreme Court made a historic decision that changed the law.
Unit 20,18,terrific,"ajoyib, zo'r; dahshatli",extremely good; wonderful; or causing great fear and terror,She did a terrific job on the presentation and everyone applauded.
Unit 20,19,trait,"xususiyat, belgi",a particular quality or characteristic that someone possesses,Honesty is the most important trait in a good leader.
Unit 20,20,vital,"hayotiy muhim, zaruriy",absolutely necessary; essential for life or success,Water is vital for all living organisms on our planet Earth.

Unit 21,,,,,
Unit 21,1,accustomed,"odatlanmoq, ko'nikmoq",familiar with something through long experience; used to it,She became accustomed to waking up early after starting her new job.
Unit 21,2,affirm,"tasdiqlash, mustahkamlash",to state something as fact with confidence; to declare firmly,He affirmed his decision to quit his job and start a business.
Unit 21,3,astonished,"hayron bo'lmoq, lol qolmoq",greatly surprised and shocked; amazed by something unexpected,She was astonished to see her childhood friend after twenty years.
Unit 21,4,bang,"portlash, shovqin; urmoq",a sudden loud noise; to hit something hard making a loud sound,The door banged shut in the strong wind that came suddenly.
Unit 21,5,clan,"urug', qabila",a group of families with a common ancestor or strong connection,The clan gathered every year for their traditional summer festival.
Unit 21,6,dim,"xira, toriq; o'chirmoq",not bright; with little light; to become less bright or clear,The room was dim and she had to squint to read the small text.
Unit 21,7,emphasis,"ta'kid, urg'u",special importance or attention given to something in speech,She put great emphasis on the importance of regular daily exercise.
Unit 21,8,fable,"masal, ertak","a short story with a moral lesson, often featuring animals",Aesop's fable about the tortoise and the hare teaches us patience.
Unit 21,9,feast,"ziyofat, bayram; to'yib yeyish",a large special meal; to eat a lot and enjoy it greatly,The family sat down to a wonderful feast on the holiday evening.
Unit 21,10,glow,"yiltillamoq, nur taratmoq",to produce a soft warm light; to look healthy and happy,The candles glowed softly and created a warm and romantic atmosphere.
Unit 21,11,hollow,"kovak, bo'sh joy; kovak bo'lmoq",having an empty space inside; a hole in a tree or ground,The squirrel hid its food in the hollow of the old oak tree.
Unit 21,12,instinct,"instinkt, tabiy hissi",a natural tendency or feeling not learned from experience,Her maternal instinct told her something was wrong with the child.
Unit 21,13,joint,"bo'g'im, birlashgan joy; birgalikda",a place where two things are connected; shared by two people,The knee joint was injured during the football match last Saturday.
Unit 21,14,leak,"oqmoq, sizmoq; oqish",to allow liquid or gas to escape through a hole or crack,The pipe was leaking and caused water damage to the ceiling below.
Unit 21,15,physician,"shifokor, tabib",a medical doctor who diagnoses and treats sick patients,The physician recommended complete bed rest for at least one week.
Unit 21,16,sacrifice,qurbon qilmoq; qurbon,to give up something valuable for a greater good or purpose,She sacrificed her free time to help her classmates prepare for exams.
Unit 21,17,stiff,"qattiq, qotig'lik; og'riqli",not able to bend easily; not relaxed; painful when moved,His back was stiff after sitting at the desk all day working.
Unit 21,18,stroke,vurul; silamoq; insult,a hit or blow; to move gently; a medical brain event,She stroked the cat's fur gently until it fell asleep purring.
Unit 21,19,tragic,"fojiaviy, achinchli","very sad, especially involving death or great suffering",The tragic accident left the whole community in deep sadness.
Unit 21,20,tune,"kuy, musiqa; sozlamoq",a melody or musical piece; to adjust a musical instrument,She hummed a happy tune while cooking dinner in the kitchen.

Unit 22,,,,,
Unit 22,1,accommodate,"joylashtirmoq, sig'dirmoq",to provide space or help for someone; to adapt to needs,The hotel can accommodate up to three hundred guests at a time.
Unit 22,2,circus,sirk,"a travelling show with acrobats, clowns, and trained animals",The children were excited to see the lions perform at the circus.
Unit 22,3,coincide,bir vaqtga to'g'ri kelmoq,to happen at the same time; to be the same or agree,Her birthday coincides with a national holiday every year.
Unit 22,4,commission,komissiya; buyurtma; ishonib topshirish,a group given authority; payment for selling; to order a work,The artist was given a commission to paint a large mural.
Unit 22,5,dose,"doza, me'yor; bermoq",a measured amount of medicine given at one time,The doctor prescribed a small dose of medicine twice daily.
Unit 22,6,dye,bo'yoq; bo'yamoq,"a substance used to change the color of hair, cloth, or food",She dyed her hair dark brown before the wedding ceremony.
Unit 22,7,extent,"darajasi, miqyosi","the range, size, or degree to which something is true",The full extent of the damage was not clear until the next day.
Unit 22,8,gender,"jins, gender",the state of being male or female; social identity of sex,The company has a strict policy against gender discrimination at work.
Unit 22,9,headline,"sarlavha, sarqator",the title of a newspaper article printed in large letters,The accident made the front-page headline of every major newspaper.
Unit 22,10,informal,"norasmiy, erkin",relaxed and not following official rules; casual in nature,The meeting was informal so people dressed in casual clothing.
Unit 22,11,inquire,"so'ramoq, tekshirmoq",to ask for information about something or someone,She inquired about the price of the hotel room at the reception.
Unit 22,12,messenger,"elchi, xabarchi",a person who carries a message or information to someone,The king sent a messenger to deliver the letter to the neighboring village.
Unit 22,13,peer,tengdosh; ko'rmoq; tengi,a person of the same age or status; to look closely,She was respected by her peers for her kind and helpful nature.
Unit 22,14,portrait,"portret, surat","a painting, drawing, or photo of a person's face",The artist painted a beautiful portrait of the president of the country.
Unit 22,15,pose,"holat, qo'yish; o'zini tutmoq",a position of the body; to pretend to be something you are not,The model posed for the photographer in various elegant positions.
Unit 22,16,ranch,"ferma, cho'l xo'jaligi","a large farm especially for raising cattle, horses, or sheep",The cowboy spent summers working on his uncle's cattle ranch.
Unit 22,17,steer,"boshqarmoq, yo'naltirrmoq; buqa",to control the direction of a vehicle or guide something,He struggled to steer the heavy truck through the narrow mountain road.
Unit 22,18,stripe,"chiziq, zolacha",a long narrow band of color different from the surrounding area,The uniform has a red stripe along the side of each arm.
Unit 22,19,tame,uy hayvoni; evcillashtirilgan; evcillashtirmoq,not wild; used to living with people; to make an animal gentle,The tame deer ate from her hand without any fear or hesitation.
Unit 22,20,tempt,"vasvasaga solmoq, qiziqtirmoq",to attract someone toward doing something they should resist,The smell of fresh cookies tempted her to eat more than she planned.

Unit 23,,,,,
Unit 23,1,Aborigine,"aborigin, mahalliy aholi","the original inhabitants of a country, especially Australia",The Aborigines of Australia have lived on that land for thousands of years.
Unit 23,2,ban,taqiq; taqiqlamoq,an official order that prevents something from being done,The government placed a ban on the use of plastic bags in shops.
Unit 23,3,cautious,"ehtiyotkor, ogoh",being careful to avoid danger or problems; not taking risks,She was cautious about crossing the busy street without traffic lights.
Unit 23,4,confess,"e'tirof etmoq, iqror bo'lmoq",to admit that you have done something wrong or bad,He confessed to eating the last piece of cake in the fridge.
Unit 23,5,cottage,"kichik uy, qishloq uyi","a small simple house, especially in the country or by the sea",They rented a cozy cottage in the mountains for their holiday.
Unit 23,6,daytime,kunduz vaqti,the part of the day when there is natural light; daylight hours,She prefers to exercise outdoors during daytime rather than at night.
Unit 23,7,desperate,"umidsiz, yoqasizdan bosh chiqargan",feeling great urgency or hopelessness; very serious or extreme,He was desperate for a job after months of unsuccessful searching.
Unit 23,8,fade,"so'nmoq, rangi ochilmoq","to gradually become less bright, loud, or strong over time",The colors of the old photograph had faded over many years.
Unit 23,9,fierce,"yovvoyi, qo'rqinchli, kuchli",very aggressive or intense; showing strong energy or violence,The fierce storm damaged many buildings along the coastline overnight.
Unit 23,10,gamble,qimor; xavf ostiga qo'ymoq,to risk money on a game or event; to take a big risk,He gambled all his savings on a business idea that later failed.
Unit 23,11,lawn,"o't maydon, maysazor",an area of grass in a garden or park that is kept cut short,He mowed the lawn every weekend to keep it neat and tidy.
Unit 23,12,mow,"o'tni o'rmoq, maysa qirqmoq",to cut grass with a machine or tool to make it short,She mowed the lawn early in the morning before the heat came.
Unit 23,13,outlaw,qonundan tashqari kishi; taqiqlamoq,a criminal who has been declared illegal by law; to make illegal,The outlaw hid in the forest after robbing the village bank.
Unit 23,14,prospect,"istiqbol, kelajak; qidirmoq",the possibility of something happening in the future; to search,The prospect of a new job filled her with excitement and hope.
Unit 23,15,purse,"hamyon, xalta","a small bag for carrying money and personal items, used by women",She looked in her purse but couldn't find her house key anywhere.
Unit 23,16,rod,"tayoq, qamchi; o'lchov birligi",a thin straight stick or bar; a fishing pole; a unit of length,He sat quietly by the river holding his fishing rod all afternoon.
Unit 23,17,seldom,"kamdan-kam, seyrek",not often; rarely happening or seen in everyday life,She seldom eats fast food because she prefers home-cooked meals.
Unit 23,18,shave,"soqol olmoq, qirqmoq",to remove hair from the face or body using a sharp blade,He shaved carefully before going to his important job interview.
Unit 23,19,terrified,"qo'rqqan, dahshatga tushgan",feeling extreme fear; very frightened by something or someone,The child was terrified of the loud thunder during the storm.
Unit 23,20,wizard,"sehrgar, jodugar",a person said to have magical powers; an expert in a field,The wizard in the story cast spells using his long wooden staff.

Unit 24,,,,,
Unit 24,1,baggage,"bagaj, yuk jomadon",the bags and suitcases a traveler takes on a journey,The airline lost his baggage and it arrived two days later.
Unit 24,2,bulb,lampochka; piyoz; tuguncha,a glass bulb producing light; the underground part of some plants,She replaced the old light bulb with a new energy-saving one.
Unit 24,3,bundle,"bog'lam, to'p; bog'lamoq",a group of things tied or wrapped together; to wrap up,She carried a bundle of firewood from the yard into the house.
Unit 24,4,cattle,"qoramol, mol-qo'y",cows and bulls kept on a farm for milk or meat,The farmer drove his cattle across the river to the new pasture.
Unit 24,5,flee,"qochmoq, qochib ketmoq",to run away from a place or situation of danger quickly,The frightened deer fled into the trees when it heard us coming.
Unit 24,6,graze,o't yeymoq; qirib o'tmoq,for animals to eat grass in a field; to scrape skin lightly,Cows grazed peacefully in the green fields all through the afternoon.
Unit 24,7,greed,"ochko'zlik, tamah","an excessive desire for more money, food, or power than needed",His greed for wealth caused him to lose all his real friends.
Unit 24,8,herd,"to'da, suruv; haydamoq",a group of animals together; to move animals in a group,The shepherd herded his sheep back to the barn before dark.
Unit 24,9,initiate,"boshlash, taklif qilmoq",to begin or start something; to introduce someone to a group,She initiated the new project by calling a team meeting on Monday.
Unit 24,10,lane,tor ko'cha; yo'l chizig'i,a narrow road; a marked section of a road or swimming pool,Stay in your lane while driving and do not overtake without checking.
Unit 24,11,luggage,"yuk, jomadon",bags and suitcases carried by a traveler on a journey,She packed her luggage the night before her early morning flight.
Unit 24,12,nerve,asab; jasorat; beadablik,a bundle of fibers carrying signals in the body; courage; cheek,It takes a lot of nerve to perform in front of a large audience.
Unit 24,13,optimist,"optimist, umidvor kishi",a person who always expects good things to happen in life,She is a true optimist and always sees the bright side of things.
Unit 24,14,parade,"parad, shov-shuv; o'tish",a public procession of people and vehicles to celebrate something,The children watched the colorful holiday parade from the sidewalk.
Unit 24,15,pave,"yo'l qilmoq, asfaltlamoq",to cover a surface with stone or asphalt to make a road,Workers paved the road outside our house during the rainy season.
Unit 24,16,phantom,"arvoh, soya; hayoliy",a ghost; something seen that may not really exist,The old castle is said to be haunted by the phantom of a queen.
Unit 24,17,portable,"ko'chma, olib yurish mumkin bo'lgan",easy to carry or move from place to place,She bought a portable speaker to take to the beach on weekends.
Unit 24,18,poster,"plakat, afisha",a large printed notice or picture put on a wall to advertise,They put up a poster about the concert on every wall downtown.
Unit 24,19,scratch,tirnash; qarasiz; noldan boshlash,to mark a surface with nails or a sharp object; from the start,The cat scratched the furniture and left marks on the wooden sofa.
Unit 24,20,symphony,simfoniya,a long complex musical piece written for a full orchestra,Beethoven's Fifth Symphony is one of the most famous pieces ever written.
Unit 24,21,widow,beva ayol,a woman whose husband has died and who has not remarried,The elderly widow tended her garden alone every morning with care.

Unit 25,,,,,
Unit 25,1,circulate,"aylanmoq, tarqalmoq",to move around continuously; to spread information widely,Rumors about the new manager began to circulate around the office.
Unit 25,2,consequent,"natijasida, kelib chiqqan",following as a result or effect of something that happened before,The heavy rain and the consequent flooding closed several roads.
Unit 25,3,derive,"olmoq, kelib chiqmoq",to obtain something from a source; to have an origin in,She derived great satisfaction from helping others in her community.
Unit 25,4,drown,"cho'kmoq, suvda o'lmoq",to die from being submerged in water; to be overwhelmed,He almost drowned when a large wave knocked him off the boat.
Unit 25,5,dynasty,"sulola, nasl",a series of rulers from the same family; a period of dominance,The Ming Dynasty ruled China for nearly three hundred years.
Unit 25,6,fraction,"ulush, kasr; kichik qism",a small part of something; a number that is less than one,She completed only a fraction of the work before the deadline came.
Unit 25,7,frost,"qirov, ayoz",a thin layer of ice that forms on surfaces in cold temperatures,The plants were damaged by the heavy frost that came overnight.
Unit 25,8,illusion,"illuziya, aldanish",something that deceives the eye or mind; a false impression,The magician created the illusion that he made the bird disappear.
Unit 25,9,invade,"bosib kirmoq, istilo qilmoq","to enter a place by force, usually in a military attack",The army invaded the neighboring country in the early morning hours.
Unit 25,10,lieutenant,leytenant; o'rinbosar,a military rank below captain; a deputy or assistant to a leader,The lieutenant gave orders to the soldiers during the commander's absence.
Unit 25,11,marine,"dengiz, dengizga oid; dengiz askari",relating to the sea; a soldier trained to serve at sea,Marine animals are threatened by plastic pollution in the ocean today.
Unit 25,12,merit,"xizmat, qadr; loyiq bo'lmoq",the quality of being good and deserving reward or praise,She won the scholarship on merit based on her academic achievements.
Unit 25,13,navy,dengiz floti; to'q ko'k rang,the military force that operates at sea; dark blue color,He served in the navy for fifteen years before retiring in peace.
Unit 25,14,polar,"qutbiy, muzli hududga oid",relating to the North or South Pole; very cold environment,Polar bears are perfectly adapted to survive in extreme Arctic conditions.
Unit 25,15,ray,"nur, shid; dengiz tutqasi",a narrow beam of light; a type of flat sea creature,A ray of sunlight broke through the clouds after the long rainy day.
Unit 25,16,resign,"iste'fo bermoq, ketmoq","to officially leave a job or position, usually voluntarily",She resigned from her position after disagreements with management.
Unit 25,17,suicide,o'zini o'zi o'ldirish,the act of intentionally ending one's own life,"If you or someone you know is struggling, please seek professional help immediately."
Unit 25,18,tremble,"titroq, qaltirash; titroq","to shake involuntarily because of fear, cold, or strong emotion",Her hands trembled as she opened the letter with the exam results.
Unit 25,19,underlying,"asosiy, yashirin, ostidagi",being the real or basic cause of something not immediately obvious,The underlying cause of the conflict was the dispute over land rights.
Unit 25,20,via,"orqali, yo'li bilan",by way of; passing through a place on the way to another,She traveled to London via Paris on her European holiday trip.

Unit 26,,,,,
Unit 26,1,alter,"o'zgartirmoq, tahrir qilmoq",to change something without replacing it completely,She altered her dress to make it fit better for the ceremony.
Unit 26,2,aside,"chetga, bir chekkaga",to one side; away from the main direction or topic,He stepped aside to let the elderly woman pass through the door.
Unit 26,3,autumn,"kuz, kuz fasli",the season between summer and winter when leaves fall,The forests are most beautiful in autumn when the leaves turn orange.
Unit 26,4,blend,aralashtirmoq; aralashma,to mix different things smoothly together; a smooth mixture,Blend the fruits with yogurt to make a delicious healthy smoothie.
Unit 26,5,collapse,"qulamoq, yiqilmoq; qulash",to fall down suddenly; to fail completely; a sudden fall,The old bridge collapsed under the weight of the heavy transport truck.
Unit 26,6,crush,"ezmoq, parchamoq; birinchi sevgi",to squeeze something with great force; a strong feeling of love,She crushed the garlic cloves before adding them to the sauce.
Unit 26,7,curve,"egrilik, burilish; egmoq",a line that bends smoothly without angles; to bend in a curve,The road curves sharply to the left just before the old bridge.
Unit 26,8,disgusting,"jirkanch, yomon hidi bor",causing a strong feeling of dislike or sickness; revolting,The smell from the garbage cans outside was absolutely disgusting.
Unit 26,9,drain,"oqizmoq, bo'shatmoq; kanal",to cause liquid to flow away; a pipe for removing liquid,She drained the water from the bathtub before adding fresh warm water.
Unit 26,10,embrace,quchoqlamoq; qabul qilmoq,to hold someone in your arms as a sign of love or welcome,She embraced her mother warmly when she returned from her long trip.
Unit 26,11,envy,"hasad, xusumat; hasad qilmoq",a feeling of wanting what someone else has; to be jealous,She felt envy when she saw her friend's new and beautiful home.
Unit 26,12,fireworks,"otashin, pirotexnik; osmon guli",explosive devices that create colorful light displays in the sky,The fireworks display on New Year's Eve was spectacular and colorful.
Unit 26,13,flour,"un, don unu","the powder made from grinding grains, used for baking bread","She mixed flour, eggs, and butter together to make the cake batter."
Unit 26,14,fuse,sug'urtali simcha; eritmoq; birlashtirmoq,a safety device that stops electricity; to join two things together,The power went out because a fuse blew during the electrical storm.
Unit 26,15,ginger,zanjabil; to'q sariq-qizil rang,a spicy root used in cooking and medicine; a reddish-brown color,She added fresh ginger to the soup to give it a warm spicy flavor.
Unit 26,16,jealous,"rashkchi, hasadchi; qizg'anuvchi",feeling or showing envy toward someone for what they have,He was jealous of his brother's success in the national competition.
Unit 26,17,paste,"pasta, qorishma; surtmoq",a thick soft mixture; to stick something with an adhesive,She used paste to stick the photos into her scrapbook album.
Unit 26,18,receipt,"chek, kvitansiya",a written record showing payment has been made for something,Always keep your receipt in case you need to return the product.
Unit 26,19,wipe,"artmoq, surtmoq",to clean or dry something by rubbing it with a cloth,She wiped the counter clean after preparing the evening meal.
Unit 26,20,wire,"sim, tel; yubormoq",a thin metal thread used for conducting electricity; to send money,The electrician replaced the old wire in the wall with new cable.

Unit 27,,,,,
Unit 27,1,acknowledge,"tan olmoq, e'tirof etmoq",to admit the truth or existence of something; to recognize,He acknowledged that he had made a serious mistake in his report.
Unit 27,2,ambassador,"elchi, ambassador",a person sent by a government to represent it in another country,The ambassador met with the foreign minister to discuss trade relations.
Unit 27,3,blonde,sarg'ish sochli; och sariq rang,having light yellow hair; a light yellow color,She has long blonde hair and bright blue eyes.
Unit 27,4,conquer,"zabt etmoq, yengmoq",to take control of a place or people by military force,Alexander the Great conquered many lands during his military campaigns.
Unit 27,5,drag,sudramoq; tortqilamoq,to pull something heavy along a surface with difficulty,He dragged the heavy sofa across the room to repaint the wall.
Unit 27,6,exaggerate,"mubolag'a qilmoq, oshirib aytmoq","to say something is bigger, better, or worse than it really is",She tends to exaggerate when telling stories to make them more exciting.
Unit 27,7,heritage,"meros, boy madaniy an'ana",the traditions and achievements passed down through generations,The city protects its architectural heritage by preserving old buildings.
Unit 27,8,insult,"haqorat, tahqir; haqorat qilmoq",a rude remark intended to hurt someone's feelings and pride,He felt insulted when his hard work was dismissed without explanation.
Unit 27,9,meanwhile,"shu orada, shu vaqtda",at the same time; in the intervening period before something happens,"She was cooking dinner; meanwhile, her husband was setting the table."
Unit 27,10,necklace,"bo'yin zanjiri, bo'yinbog'",a piece of jewelry worn around the neck for decoration,She wore a beautiful gold necklace to the formal dinner party.
Unit 27,11,noble,"olijanob, yuqori tabaqa; zodagon",having high moral qualities; belonging to the upper class,His noble character earned him the respect of everyone in the village.
Unit 27,12,precious,"qimmatbaho, aziz, sevimli",of great value or importance; loved and valued deeply,Her grandmother's ring was the most precious item in the whole house.
Unit 27,13,prejudice,"xurofot, noto'g'ri fikr; oldindan hukmlar",an unfair opinion formed before knowing all the facts,Fighting against prejudice and discrimination is everyone's responsibility.
Unit 27,14,rumor,"mish-mish, gap so'z",information spread among people that may or may not be true,A rumor spread quickly through the office about the company closure.
Unit 27,15,sin,"gunoh, xato; gunoh qilmoq",an act that breaks a moral or religious law; to do wrong,"In many religions, lying is considered a serious moral sin."
Unit 27,16,spectacle,"tomosha, ko'rinish; ko'zoynak",an impressive sight or event; eyeglasses worn to correct vision,The fireworks show was a magnificent spectacle that lit up the sky.
Unit 27,17,stack,"to'p, uyum; to'plamoq",a pile of things placed on top of each other neatly; to pile up,There was a tall stack of books on the corner of his desk.
Unit 27,18,suspicious,"shubhali, gumon qiluvchi",feeling that something is wrong or that someone cannot be trusted,She was suspicious about his story because it kept changing.
Unit 27,19,tin,qalay; konserva quti,a light metal; a metal container used for preserving food,She opened a tin of tomatoes to add to the pasta sauce.
Unit 27,20,vase,"guldon, vaza",a decorative container used for holding flowers or as an ornament,She placed fresh flowers in the crystal vase on the dining table.

Unit 28,,,,,
Unit 28,1,ache,"og'riq, sanchiq; og'rimoq",a continuous dull pain felt in the body over a period of time,She had a bad headache and her whole body began to ache.
Unit 28,2,arctic,"arktik, muzli hududlar; shimoliy qutb",relating to the North Pole region; extremely cold,Arctic winters are so cold that temperatures can reach minus fifty degrees.
Unit 28,3,canal,"kanal, ariq",a long narrow waterway built for boats or for irrigation,The old canal was used to transport goods between the two cities.
Unit 28,4,chemist,kimyogar; dorixonachi,a scientist who studies chemistry; a pharmacist in a drugstore,The chemist discovered a new compound that could treat the rare disease.
Unit 28,5,chill,sovuqlik; muzlatmoq; sovuq,a feeling of cold; to make something cooler; slightly cold,There was a chill in the autumn air as evening started to fall.
Unit 28,6,congress,"kongress, parlament; yig'ilish",a formal meeting of representatives; the national parliament,Congress passed a new law to improve public healthcare last month.
Unit 28,7,dairy,sut mahsulotlari; sut ferma,relating to milk products; a place where milk is processed,She avoids dairy products because she is lactose intolerant.
Unit 28,8,descend,"tushmoq, pastga tushmoq",to move from a higher to a lower level or position,The hikers began to descend the mountain before it got too dark.
Unit 28,9,grocer,oziq-ovqat do'konchisi,a person who sells food and household goods in a small shop,The grocer arranged fresh vegetables neatly in front of his shop.
Unit 28,10,hesitate,"ikkilanmoq, to'xtamoq",to pause before doing something because you are unsure or nervous,She hesitated before signing the contract and asked for more time.
Unit 28,11,institution,"muassasa, tashkilot",an organization with an important social or public purpose,The university is one of the oldest educational institutions in the country.
Unit 28,12,jog,yugurmoq; sekin yugurish,to run at a slow steady pace as a form of exercise,She jogs five kilometers every morning to stay healthy and active.
Unit 28,13,merchant,"savdogar, sotuvchi","a person who buys and sells goods, especially in large quantities",The merchant traveled from city to city selling fine silk fabrics.
Unit 28,14,poke,"turtmoq, sanchmoq",to push something with your finger or a pointed object,He poked the fire with a stick to make the flames burn higher.
Unit 28,15,postpone,"kechiktirmoq, keyinga qoldirmoq",to arrange for something to take place at a later time,They postponed the meeting until next week due to illness.
Unit 28,16,splash,shovullash; suvni sochmoq,to make liquid fly through the air noisily; a small amount,The children splashed each other with water in the swimming pool.
Unit 28,17,stubborn,"qayshar, o'jarlik",refusing to change your mind or behavior despite persuasion,He was too stubborn to admit that he had made a mistake.
Unit 28,18,suburb,"shahar atrofi, chegara",a residential area on the outskirts of a large city or town,They moved to a quiet suburb to raise their young children.
Unit 28,19,tide,"qil suv; oqim, tendensiya",the regular rise and fall of sea levels; a flow or trend,The high tide brought seaweed and shells onto the sandy beach.
Unit 28,20,tragedy,"fojia, musibat",a very sad event causing great suffering; a sad play or story,The plane crash was a terrible tragedy that shocked the whole world.

Unit 29,,,,,
Unit 29,1,bomb,bomba; portlatmoq,a weapon that explodes and causes damage; to attack with bombs,The building was damaged when a bomb exploded in the street nearby.
Unit 29,2,certificate,"sertifikat, guvohnoma",an official document proving that something is true or authorized,She received a certificate after completing the advanced cooking course.
Unit 29,3,circumstance,"holat, vaziyat",the conditions or facts connected to an event or situation,Under no circumstance should you leave the children alone at home.
Unit 29,4,coffin,"tobutcha, tabuт",a long box in which a dead body is placed for burial,The coffin was carried slowly from the church to the cemetery.
Unit 29,5,cope,"bardosh bermoq, yengmoq",to deal with something difficult or unpleasant successfully,She found it difficult to cope with the stress of her new job.
Unit 29,6,criticism,"tanqid, e'tiroz",the act of expressing disapproval; a careful judgment of something,Constructive criticism can help you improve your skills significantly.
Unit 29,7,devastate,"vayron qilmoq, kulfat keltirmoq",to cause great damage or destruction; to make someone deeply upset,The wildfire devastated thousands of acres of forest within days.
Unit 29,8,frown,qosh uchirmoq; qovog'ini uymoq,to make a serious expression by bringing eyebrows together,She frowned when she saw the messy kitchen after the party.
Unit 29,9,gaze,"tikilib qaramoq, ko'z uzmaslik",to look steadily at something for a long time with focus,He gazed out of the window watching the snowflakes fall slowly.
Unit 29,10,glance,bir qarab olmoq; tez nazar,to look quickly at something then look away again,She glanced at her watch and realized she was late for her appointment.
Unit 29,11,grief,"qayg'u, alam, iztirob","deep sorrow caused by loss, especially the death of someone loved",The family was overcome with grief after losing their beloved father.
Unit 29,12,groom,kuyov; parvarish qilmoq,the man getting married; to clean and care for an animal or person,She groomed her horse carefully every morning before riding it.
Unit 29,13,license,"litsenziya, ruxsatnoma",an official document giving permission to do or own something,You need a valid license to drive a car legally on public roads.
Unit 29,14,microscope,mikroskop,a scientific instrument used to see very small objects in detail,Students used a microscope to observe cells during the biology class.
Unit 29,15,nuclear,"yadroviy, atom",relating to the energy or weapons produced by splitting atoms,The country decided to build its first nuclear power plant.
Unit 29,16,portray,"tasvirlash, aks etmoq",to describe or represent someone or something in art or writing,The film portrays the life of a young girl growing up in war.
Unit 29,17,rotate,"aylanmoq, burmoq",to turn in a circle around a fixed point; to take turns,The Earth rotates on its axis once every twenty-four hours.
Unit 29,18,souvenir,"sovenir, esdalik buyumi",an object you buy or keep to remember a special place or event,She bought a small souvenir from every country she visited.
Unit 29,19,submarine,suv osti kemasi; suv ostidagi,a vessel that can operate underwater; relating to under the sea,The submarine traveled silently beneath the surface of the ocean.
Unit 29,20,trace,"iz, qoldiq; kuzatmoq",a small sign that something existed; to find or follow a trail,Police found no trace of the missing man in the abandoned house.

Unit 30,,,,,
Unit 30,1,appliance,"asbob, jihozlar",a machine or device used for a specific task at home,She bought a new kitchen appliance to make cooking faster and easier.
Unit 30,2,basin,"lavabo, hovuz; havza",a wide bowl-shaped container for water; a geographical area,She washed her hands in the basin before preparing the vegetables.
Unit 30,3,broom,supurgi,a brush with a long handle used to sweep floors and surfaces,She used a broom to sweep the fallen leaves from the front porch.
Unit 30,4,caterpillar,"qurti, tırtıl",the larva of a butterfly or moth that eats leaves to grow,"The caterpillar slowly crawled along the leaf, eating as it moved."
Unit 30,5,cupboard,"shkaf, idish tovoqlar saqlash joyi",a piece of furniture with shelves used to store things,She put the plates back in the cupboard after washing and drying them.
Unit 30,6,delicate,"nozik, muloyim; mo'rt",needing careful handling; very fine or gentle in nature,The antique vase was very delicate and had to be moved with care.
Unit 30,7,emerge,"chiqmoq, paydo bo'lmoq",to come out from a hidden or enclosed place into the open,The sun emerged from behind the clouds after the long rainy morning.
Unit 30,8,handicap,"to'siq, nuqson; imtiyoz",a disadvantage that makes something harder; a disability; a golf term,Her hearing handicap did not stop her from becoming a great musician.
Unit 30,9,hook,"ilgich, kança; ilinmoq",a curved piece of metal used to hang things; to fasten with a hook,She hung her coat on the hook by the front door when she arrived.
Unit 30,10,hop,sakrash; bir oyoqda sakramoq,to jump on one foot; a short quick jump; a short journey,The little girl hopped down the path singing a happy nursery rhyme.
Unit 30,11,laundry,kir yuvinish; kirlar,clothes that need to be washed or have just been washed,She does her laundry every Saturday morning at the local laundromat.
Unit 30,12,pursue,ta'qib qilmoq; intilmoq,to follow someone to catch them; to try to achieve a goal,He pursued his dream of becoming a doctor for many long years.
Unit 30,13,reluctant,"ikkilanuvchi, xohlamagan",not willing to do something; feeling unsure or unwilling,She was reluctant to speak in front of the class due to shyness.
Unit 30,14,sleeve,"yeng, tirsak",the part of a garment that covers the arm,He rolled up his sleeves before starting to wash the dirty dishes.
Unit 30,15,spine,umurtqa pog'onasi; tikan,the backbone of the body; the sharp point on a plant or animal,Good posture is important for keeping your spine healthy and strong.
Unit 30,16,stain,"dog', lek; dog' tushirmoq",a mark that is difficult to remove from a surface or fabric,She tried to remove the coffee stain from her white shirt with soap.
Unit 30,17,strip,"chiziq, bo'lak; yechmoq",a long narrow piece of something; to remove coverings from something,He stripped the old wallpaper from the walls before repainting them.
Unit 30,18,swear,qasam ichmoq; so'kmoq,to make a serious promise; to use very bad language in anger,He swore to tell the whole truth when he spoke in the courtroom.
Unit 30,19,swing,belanchak; silkitmoq; tebranmoq,to move back and forth; a seat hung on chains for swinging,The children played on the swing set in the school playground happily.
Unit 30,20,utilize,"foydalanmoq, ishga solmoq",to make practical and effective use of something available,She utilized every available resource to complete the project on time.
